snapshot,tag,asset,downloads
2026-09-19,poi-packs,italy.zip,120
2026-09-19,poi-packs,germany.zip,96
2026-09-19,road-features,great-britain-england.bin,81
2026-09-19,poi-packs,brazil.zip,79
2026-09-19,poi-packs,france.zip,76
2026-09-19,poi-packs,spain.zip,68
2026-09-19,road-features,italy-nord-est.bin,61
2026-09-19,poi-packs,ontario.zip,45
2026-09-19,poi-packs,switzerland.zip,42
2026-09-19,road-features,new-jersey.bin,40
2026-09-19,road-features,france-ile-de-france.bin,38
2026-09-19,road-features,de-nordrhein-westfalen.bin,36
2026-09-19,road-features,italy-centro.bin,36
2026-09-19,poi-packs,great-britain.zip,35
2026-09-19,poi-packs,virginia.zip,35
2026-09-19,road-features,maryland.bin,34
2026-09-19,road-features,new-york.bin,34
2026-09-19,poi-packs,india.zip,34
2026-09-19,road-features,de-baden-wuerttemberg.bin,33
2026-09-19,poi-packs,netherlands.zip,33
2026-09-19,road-features,ohio.bin,32
2026-09-19,road-features,italy-nord-ovest.bin,31
2026-09-19,road-features,de-bayern.bin,30
2026-09-19,road-features,illinois.bin,30
2026-09-19,road-features,new-mexico.bin,29
2026-09-19,road-features,spain.bin,28
2026-09-19,poi-packs,washington.zip,28
2026-09-19,road-features,de-rheinland-pfalz.bin,27
2026-09-19,road-features,greece.bin,27
2026-09-19,poi-packs,poland.zip,27
2026-09-19,obf-regions,de-baden-wuerttemberg.obf,26
2026-09-19,road-features,de-hessen.bin,25
2026-09-19,obf-regions,de-bayern.obf,25
2026-09-19,poi-packs,austria.zip,25
2026-09-19,poi-packs,greece.zip,25
2026-09-19,poi-packs,new-york.zip,25
2026-09-19,poi-packs,portugal.zip,25
2026-09-19,road-features,france-rhone-alpes.bin,24
2026-09-19,poi-packs,texas.zip,24
2026-09-19,road-features,france-alsace.bin,23
2026-09-19,road-features,spain-madrid.bin,23
2026-09-19,obf-regions,de-thueringen.obf,23
2026-09-19,poi-packs,pennsylvania.zip,23
2026-09-19,poi-packs,wisconsin.zip,23
2026-09-19,road-features,west-virginia.bin,22
2026-09-19,poi-packs,australia.zip,22
2026-09-19,poi-packs,belgium.zip,22
2026-09-19,poi-packs,maryland.zip,22
2026-09-19,road-features,georgia.bin,21
2026-09-19,road-features,pennsylvania.bin,21
2026-09-19,poi-packs,mexico.zip,21
2026-09-19,poi-packs,north-carolina.zip,21
2026-09-19,poi-packs,west-virginia.zip,21
2026-09-19,obf-regions,de-brandenburg.obf,20
2026-09-19,obf-regions,de-mecklenburg-vorpommern.obf,20
2026-09-19,obf-regions,de-niedersachsen.obf,20
2026-09-19,obf-regions,de-nordrhein-westfalen.obf,20
2026-09-19,obf-regions,de-rheinland-pfalz.obf,20
2026-09-19,obf-regions,de-sachsen.obf,20
2026-09-19,obf-regions,de-schleswig-holstein.obf,20
2026-09-19,poi-packs,georgia.zip,20
2026-09-19,poi-packs,new-jersey.zip,20
2026-09-19,poi-packs,tennessee.zip,20
2026-09-19,road-features,delaware.bin,19
2026-09-19,road-features,hungary.bin,19
2026-09-19,road-features,netherlands-zuid-holland.bin,19
2026-09-19,road-features,switzerland.bin,19
2026-09-19,road-features,tennessee.bin,19
2026-09-19,obf-regions,de-berlin.obf,19
2026-09-19,obf-regions,de-bremen.obf,19
2026-09-19,obf-regions,de-hamburg.obf,19
2026-09-19,obf-regions,de-hessen.obf,19
2026-09-19,obf-regions,de-saarland.obf,19
2026-09-19,obf-regions,de-sachsen-anhalt.obf,19
2026-09-19,obf-regions,district-of-columbia.obf,19
2026-09-19,poi-packs,alberta.zip,19
2026-09-19,poi-packs,british-columbia.zip,19
2026-09-19,poi-packs,de-saarland.zip,19
2026-09-19,road-features,india-southern-zone.bin,18
2026-09-19,road-features,iran.bin,18
2026-09-19,road-features,spain-cataluna.bin,18
2026-09-19,poi-packs,florida.zip,18
2026-09-19,poi-packs,quebec.zip,18
2026-09-19,road-features,bangladesh.bin,17
2026-09-19,road-features,brazil-sul.bin,17
2026-09-19,road-features,california-norcal.bin,17
2026-09-19,road-features,de-berlin.bin,17
2026-09-19,road-features,denmark.bin,17
2026-09-19,road-features,washington.bin,17
2026-09-19,poi-packs,illinois.zip,17
2026-09-19,poi-packs,ohio.zip,17
2026-09-19,poi-packs,romania.zip,17
2026-09-19,poi-packs,south-carolina.zip,17
2026-09-19,road-features,bulgaria.bin,16
2026-09-19,road-features,florida.bin,16
2026-09-19,road-features,france-provence-alpes-cote-d-azur.bin,16
2026-09-19,road-features,india-western-zone.bin,16
2026-09-19,road-features,california-socal.bin,15
2026-09-19,road-features,district-of-columbia.bin,15
2026-09-19,road-features,great-britain-wales.bin,15
2026-09-19,road-features,indiana.bin,15
2026-09-19,road-features,michigan.bin,15
2026-09-19,road-features,poland-mazowieckie.bin,15
2026-09-19,road-features,wisconsin.bin,15
2026-09-19,obf-regions,california-norcal.obf,15
2026-09-19,obf-regions,texas.obf,15
2026-09-19,poi-packs,japan.zip,15
2026-09-19,road-features,australia-new-south-wales.bin,14
2026-09-19,road-features,brazil-sudeste.bin,14
2026-09-19,road-features,colorado.bin,14
2026-09-19,road-features,france-pays-de-la-loire.bin,14
2026-09-19,road-features,sweden.bin,14
2026-09-19,obf-regions,italy-nord-est.obf,14
2026-09-19,poi-packs,california.zip,14
2026-09-19,poi-packs,delaware.zip,14
2026-09-19,poi-packs,hungary.zip,14
2026-09-19,road-features,brazil-nordeste.bin,13
2026-09-19,road-features,de-niedersachsen.bin,13
2026-09-19,road-features,de-thueringen.bin,13
2026-09-19,road-features,finland.bin,13
2026-09-19,road-features,france-franche-comte.bin,13
2026-09-19,road-features,india-northern-zone.bin,13
2026-09-19,road-features,malaysia-singapore-brunei.bin,13
2026-09-19,road-features,north-carolina.bin,13
2026-09-19,road-features,quebec.bin,13
2026-09-19,road-features,spain-andalucia.bin,13
2026-09-19,obf-regions,california-socal.obf,13
2026-09-19,obf-regions,italy-centro.obf,13
2026-09-19,obf-regions,spain-andalucia.obf,13
2026-09-19,poi-packs,alabama.zip,13
2026-09-19,poi-packs,alaska.zip,13
2026-09-19,poi-packs,argentina.zip,13
2026-09-19,poi-packs,finland.zip,13
2026-09-19,poi-packs,indonesia.zip,13
2026-09-19,poi-packs,sweden.zip,13
2026-09-19,road-features,france-centre.bin,12
2026-09-19,road-features,massachusetts.bin,12
2026-09-19,road-features,netherlands-limburg.bin,12
2026-09-19,road-features,poland-slaskie.bin,12
2026-09-19,road-features,romania.bin,12
2026-09-19,obf-regions,france-rhone-alpes.obf,12
2026-09-19,obf-regions,great-britain-england.obf,12
2026-09-19,obf-regions,puerto-rico.obf,12
2026-09-19,obf-regions,spain-madrid.obf,12
2026-09-19,obf-regions,us-virgin-islands.obf,12
2026-09-19,poi-packs,brazil.delta.zip,12
2026-09-19,poi-packs,serbia.zip,12
2026-09-19,poi-packs,thailand.zip,12
2026-09-19,poi-packs,ukraine.zip,12
2026-09-19,road-features,alabama.bin,11
2026-09-19,road-features,arizona.bin,11
2026-09-19,road-features,china.bin,11
2026-09-19,road-features,de-hamburg.bin,11
2026-09-19,road-features,france-midi-pyrenees.bin,11
2026-09-19,obf-regions,france-ile-de-france.obf,11
2026-09-19,obf-regions,iran.obf,11
2026-09-19,obf-regions,italy-nord-ovest.obf,11
2026-09-19,obf-regions,spain-aragon.obf,11
2026-09-19,obf-regions,spain-cantabria.obf,11
2026-09-19,obf-regions,spain-castilla-la-mancha.obf,11
2026-09-19,obf-regions,spain-castilla-y-leon.obf,11
2026-09-19,obf-regions,spain-cataluna.obf,11
2026-09-19,obf-regions,spain-ceuta.obf,11
2026-09-19,obf-regions,spain-extremadura.obf,11
2026-09-19,obf-regions,spain-galicia.obf,11
2026-09-19,obf-regions,spain-islas-baleares.obf,11
2026-09-19,obf-regions,spain-murcia.obf,11
2026-09-19,poi-packs,denmark.zip,11
2026-09-19,poi-packs,israel-and-palestine.zip,11
2026-09-19,poi-packs,malaysia-singapore-brunei.zip,11
2026-09-19,poi-packs,massachusetts.zip,11
2026-09-19,poi-packs,michigan.zip,11
2026-09-19,road-features,alberta.bin,10
2026-09-19,road-features,australia-victoria.bin,10
2026-09-19,road-features,central-fed-district.bin,10
2026-09-19,road-features,france-basse-normandie.bin,10
2026-09-19,road-features,france-nord-pas-de-calais.bin,10
2026-09-19,road-features,italy-sud.bin,10
2026-09-19,road-features,south-carolina.bin,10
2026-09-19,road-features,texas.bin,10
2026-09-19,road-features,utah.bin,10
2026-09-19,obf-regions,france-alsace.obf,10
2026-09-19,obf-regions,france-aquitaine.obf,10
2026-09-19,obf-regions,france-franche-comte.obf,10
2026-09-19,obf-regions,great-britain-scotland.obf,10
2026-09-19,obf-regions,pennsylvania.obf,10
2026-09-19,obf-regions,spain-asturias.obf,10
2026-09-19,obf-regions,spain-la-rioja.obf,10
2026-09-19,obf-regions,spain-melilla.obf,10
2026-09-19,obf-regions,spain-navarra.obf,10
2026-09-19,obf-regions,spain-pais-vasco.obf,10
2026-09-19,obf-regions,spain-valencia.obf,10
2026-09-19,poi-packs,bulgaria.zip,10
2026-09-19,poi-packs,egypt.zip,10
2026-09-19,poi-packs,new-mexico.zip,10
2026-09-19,poi-packs,slovenia.zip,10
2026-09-19,road-features,bahamas.bin,9
2026-09-19,road-features,czech-republic-praha.bin,9
2026-09-19,road-features,de-mecklenburg-vorpommern.bin,9
2026-09-19,road-features,de-schleswig-holstein.bin,9
2026-09-19,road-features,france-auvergne.bin,9
2026-09-19,road-features,france-bretagne.bin,9
2026-09-19,road-features,france-languedoc-roussillon.bin,9
2026-09-19,road-features,mexico.bin,9
2026-09-19,road-features,nevada.bin,9
2026-09-19,road-features,slovenia.bin,9
2026-09-19,road-features,vietnam.bin,9
2026-09-19,obf-regions,delaware.obf,9
2026-09-19,obf-regions,france-auvergne.obf,9
2026-09-19,obf-regions,france-bourgogne.obf,9
2026-09-19,obf-regions,france-bretagne.obf,9
2026-09-19,obf-regions,france-centre.obf,9
2026-09-19,obf-regions,france-guadeloupe.obf,9
2026-09-19,obf-regions,france-provence-alpes-cote-d-azur.obf,9
2026-09-19,obf-regions,iraq.obf,9
2026-09-19,poi-packs,arizona.zip,9
2026-09-19,poi-packs,indiana.zip,9
2026-09-19,poi-packs,nevada.zip,9
2026-09-19,poi-packs,oregon.zip,9
2026-09-19,poi-packs,vietnam.zip,9
2026-09-19,poi-packs,wyoming.zip,9
2026-09-19,basemap-tiles,basemap-district-of-columbia.pmtiles,8
2026-09-19,road-features,far-eastern-fed-district.bin,8
2026-09-19,road-features,indonesia-java.bin,8
2026-09-19,obf-regions,alberta.obf,8
2026-09-19,obf-regions,france-basse-normandie.obf,8
2026-09-19,obf-regions,france-champagne-ardenne.obf,8
2026-09-19,obf-regions,france-corse.obf,8
2026-09-19,obf-regions,france-guyane.obf,8
2026-09-19,obf-regions,france-haute-normandie.obf,8
2026-09-19,obf-regions,france-languedoc-roussillon.obf,8
2026-09-19,obf-regions,france-limousin.obf,8
2026-09-19,obf-regions,france-lorraine.obf,8
2026-09-19,obf-regions,france-martinique.obf,8
2026-09-19,obf-regions,france-mayotte.obf,8
2026-09-19,obf-regions,france-midi-pyrenees.obf,8
2026-09-19,obf-regions,france-nord-pas-de-calais.obf,8
2026-09-19,obf-regions,france-pays-de-la-loire.obf,8
2026-09-19,obf-regions,france-picardie.obf,8
2026-09-19,obf-regions,france-poitou-charentes.obf,8
2026-09-19,obf-regions,france-reunion.obf,8
2026-09-19,obf-regions,great-britain-wales.obf,8
2026-09-19,obf-regions,italy-isole.obf,8
2026-09-19,obf-regions,italy-sud.obf,8
2026-09-19,obf-regions,kiribati.obf,8
2026-09-19,obf-regions,new-jersey.obf,8
2026-09-19,poi-packs,colombia.zip,8
2026-09-19,poi-packs,colorado.zip,8
2026-09-19,poi-packs,connecticut.zip,8
2026-09-19,poi-packs,croatia.zip,8
2026-09-19,poi-packs,ireland-and-northern-ireland.zip,8
2026-09-19,poi-packs,mississippi.zip,8
2026-09-19,poi-packs,missouri.zip,8
2026-09-19,poi-packs,norway.zip,8
2026-09-19,poi-packs,uruguay.zip,8
2026-09-19,poi-packs,utah.zip,8
2026-09-19,road-features,connecticut.bin,7
2026-09-19,road-features,czech-republic-moravskoslezky.bin,7
2026-09-19,road-features,egypt.bin,7
2026-09-19,road-features,france-bourgogne.bin,7
2026-09-19,road-features,india-eastern-zone.bin,7
2026-09-19,road-features,iowa.bin,7
2026-09-19,road-features,israel-and-palestine.bin,7
2026-09-19,road-features,missouri.bin,7
2026-09-19,road-features,netherlands-utrecht.bin,7
2026-09-19,road-features,oklahoma.bin,7
2026-09-19,road-features,serbia.bin,7
2026-09-19,road-features,spain-castilla-y-leon.bin,7
2026-09-19,road-features,spain-extremadura.bin,7
2026-09-19,obf-regions,bangladesh.obf,7
2026-09-19,obf-regions,brazil-nordeste.obf,7
2026-09-19,obf-regions,georgia.obf,7
2026-09-19,obf-regions,greece.obf,7
2026-09-19,obf-regions,haiti-and-domrep.obf,7
2026-09-19,obf-regions,maryland.obf,7
2026-09-19,obf-regions,turkey.obf,7
2026-09-19,poi-packs,arkansas.zip,7
2026-09-19,poi-packs,czech-republic.zip,7
2026-09-19,poi-packs,kentucky.zip,7
2026-09-19,poi-packs,luxembourg.zip,7
2026-09-19,poi-packs,manitoba.zip,7
2026-09-19,poi-packs,north-carolina.delta.zip,7
2026-09-19,poi-packs,rhode-island.zip,7
2026-09-19,basemap-tiles,basemap-de-baden-wuerttemberg.pmtiles,6
2026-09-19,basemap-tiles,basemap-de-bayern.pmtiles,6
2026-09-19,basemap-tiles,basemap-de-hessen.pmtiles,6
2026-09-19,basemap-tiles,basemap-delaware.pmtiles,6
2026-09-19,basemap-tiles,basemap-france-alsace.pmtiles,6
2026-09-19,road-features,afghanistan.bin,6
2026-09-19,road-features,alaska.bin,6
2026-09-19,road-features,arkansas.bin,6
2026-09-19,road-features,australia-western-australia.bin,6
2026-09-19,road-features,austria.bin,6
2026-09-19,road-features,belgium.bin,6
2026-09-19,road-features,british-columbia.bin,6
2026-09-19,road-features,iraq.bin,6
2026-09-19,road-features,japan-kansai.bin,6
2026-09-19,road-features,minnesota.bin,6
2026-09-19,road-features,netherlands-gelderland.bin,6
2026-09-19,road-features,netherlands-overijssel.bin,6
2026-09-19,road-features,norway-ostlandet.bin,6
2026-09-19,road-features,ontario.bin,6
2026-09-19,road-features,poland-kujawsko-pomorskie.bin,6
2026-09-19,road-features,poland-lodzkie.bin,6
2026-09-19,road-features,poland-podlaskie.bin,6
2026-09-19,road-features,slovakia.bin,6
2026-09-19,road-features,spain-galicia.bin,6
2026-09-19,road-features,spain-murcia.bin,6
2026-09-19,road-features,spain-valencia.bin,6
2026-09-19,road-features,volga-fed-district.bin,6
2026-09-19,obf-regions,afghanistan.obf,6
2026-09-19,obf-regions,australia-act.obf,6
2026-09-19,obf-regions,australia-ashmore-cartier.obf,6
2026-09-19,obf-regions,australia-christmas-island.obf,6
2026-09-19,obf-regions,australia-cocos-islands.obf,6
2026-09-19,obf-regions,australia-heard-mcdonald.obf,6
2026-09-19,obf-regions,australia-new-south-wales.obf,6
2026-09-19,obf-regions,australia-victoria.obf,6
2026-09-19,obf-regions,australia-western-australia.obf,6
2026-09-19,obf-regions,netherlands-flevoland.obf,6
2026-09-19,obf-regions,netherlands-zuid-holland.obf,6
2026-09-19,obf-regions,new-mexico.obf,6
2026-09-19,obf-regions,new-york.obf,6
2026-09-19,poi-packs,bosnia-herzegovina.zip,6
2026-09-19,poi-packs,iowa.zip,6
2026-09-19,poi-packs,kansas.zip,6
2026-09-19,poi-packs,louisiana.zip,6
2026-09-19,poi-packs,maine.zip,6
2026-09-19,poi-packs,morocco.zip,6
2026-09-19,poi-packs,oklahoma.zip,6
2026-09-19,poi-packs,saskatchewan.zip,6
2026-09-19,basemap-tiles,basemap-austria.pmtiles,5
2026-09-19,basemap-tiles,basemap-czech-republic-karlovarsky.pmtiles,5
2026-09-19,basemap-tiles,basemap-czech-republic-plzensky.pmtiles,5
2026-09-19,basemap-tiles,basemap-de-hamburg.pmtiles,5
2026-09-19,basemap-tiles,basemap-de-saarland.pmtiles,5
2026-09-19,basemap-tiles,basemap-maryland.pmtiles,5
2026-09-19,basemap-tiles,basemap-netherlands-gelderland.pmtiles,5
2026-09-19,road-features,canary-islands.bin,5
2026-09-19,road-features,colombia.bin,5
2026-09-19,road-features,czech-republic-jihomoravsky.bin,5
2026-09-19,road-features,czech-republic-plzensky.bin,5
2026-09-19,road-features,de-sachsen-anhalt.bin,5
2026-09-19,road-features,france-limousin.bin,5
2026-09-19,road-features,gcc-states.bin,5
2026-09-19,road-features,italy-isole.bin,5
2026-09-19,road-features,japan-chubu.bin,5
2026-09-19,road-features,kentucky.bin,5
2026-09-19,road-features,laos.bin,5
2026-09-19,road-features,new-hampshire.bin,5
2026-09-19,road-features,poland-lubelskie.bin,5
2026-09-19,road-features,poland-warminsko-mazurskie.bin,5
2026-09-19,road-features,poland-wielkopolskie.bin,5
2026-09-19,road-features,spain-asturias.bin,5
2026-09-19,road-features,spain-castilla-la-mancha.bin,5
2026-09-19,road-features,taiwan.bin,5
2026-09-19,road-features,turkey.bin,5
2026-09-19,road-features,uruguay.bin,5
2026-09-19,road-features,venezuela.bin,5
2026-09-19,road-features,virginia.bin,5
2026-09-19,obf-regions,australia-coral-sea-islands.obf,5
2026-09-19,obf-regions,australia-norfolk-island.obf,5
2026-09-19,obf-regions,australia-northern-territory.obf,5
2026-09-19,obf-regions,australia-queensland.obf,5
2026-09-19,obf-regions,australia-south-australia.obf,5
2026-09-19,obf-regions,australia-tasmania.obf,5
2026-09-19,obf-regions,belgium.obf,5
2026-09-19,obf-regions,florida.obf,5
2026-09-19,obf-regions,india-northern-zone.obf,5
2026-09-19,obf-regions,india-western-zone.obf,5
2026-09-19,obf-regions,indonesia-java.obf,5
2026-09-19,obf-regions,japan-kansai.obf,5
2026-09-19,obf-regions,netherlands-noord-holland.obf,5
2026-09-19,obf-regions,netherlands-utrecht.obf,5
2026-09-19,obf-regions,ohio.obf,5
2026-09-19,obf-regions,ontario.obf,5
2026-09-19,obf-regions,poland-dolnoslaskie.obf,5
2026-09-19,obf-regions,poland-kujawsko-pomorskie.obf,5
2026-09-19,obf-regions,poland-lodzkie.obf,5
2026-09-19,obf-regions,poland-lubelskie.obf,5
2026-09-19,obf-regions,poland-lubuskie.obf,5
2026-09-19,obf-regions,poland-malopolskie.obf,5
2026-09-19,obf-regions,poland-mazowieckie.obf,5
2026-09-19,obf-regions,poland-opolskie.obf,5
2026-09-19,obf-regions,poland-podkarpackie.obf,5
2026-09-19,obf-regions,poland-podlaskie.obf,5
2026-09-19,obf-regions,poland-pomorskie.obf,5
2026-09-19,obf-regions,poland-slaskie.obf,5
2026-09-19,obf-regions,poland-swietokrzyskie.obf,5
2026-09-19,obf-regions,poland-warminsko-mazurskie.obf,5
2026-09-19,obf-regions,poland-wielkopolskie.obf,5
2026-09-19,obf-regions,poland-zachodniopomorskie.obf,5
2026-09-19,obf-regions,switzerland.obf,5
2026-09-19,obf-regions,tennessee.obf,5
2026-09-19,obf-regions,washington.obf,5
2026-09-19,poi-packs,chile.zip,5
2026-09-19,poi-packs,hawaii.zip,5
2026-09-19,poi-packs,idaho.zip,5
2026-09-19,poi-packs,minnesota.zip,5
2026-09-19,poi-packs,montana.zip,5
2026-09-19,poi-packs,new-hampshire.zip,5
2026-09-19,poi-packs,new-jersey.delta.zip,5
2026-09-19,poi-packs,new-york.delta.zip,5
2026-09-19,poi-packs,new-zealand.zip,5
2026-09-19,poi-packs,north-dakota.zip,5
2026-09-19,poi-packs,philippines.zip,5
2026-09-19,basemap-tiles,basemap-de-berlin.pmtiles,4
2026-09-19,basemap-tiles,basemap-de-bremen.pmtiles,4
2026-09-19,basemap-tiles,basemap-de-mecklenburg-vorpommern.pmtiles,4
2026-09-19,basemap-tiles,basemap-netherlands-drenthe.pmtiles,4
2026-09-19,basemap-tiles,basemap-netherlands-groningen.pmtiles,4
2026-09-19,basemap-tiles,basemap-netherlands-limburg.pmtiles,4
2026-09-19,basemap-tiles,basemap-netherlands-overijssel.pmtiles,4
2026-09-19,road-features,argentina.bin,4
2026-09-19,road-features,czech-republic-olomoucky.bin,4
2026-09-19,road-features,czech-republic-stredocesky.bin,4
2026-09-19,road-features,czech-republic-ustecky.bin,4
2026-09-19,road-features,czech-republic-zlinsky.bin,4
2026-09-19,road-features,france-aquitaine.bin,4
2026-09-19,road-features,france-haute-normandie.bin,4
2026-09-19,road-features,france-poitou-charentes.bin,4
2026-09-19,road-features,great-britain-scotland.bin,4
2026-09-19,road-features,ireland-and-northern-ireland.bin,4
2026-09-19,road-features,japan-hokkaido.bin,4
2026-09-19,road-features,japan-tohoku.bin,4
2026-09-19,road-features,kansas.bin,4
2026-09-19,road-features,maine.bin,4
2026-09-19,road-features,nepal.bin,4
2026-09-19,road-features,netherlands-noord-brabant.bin,4
2026-09-19,road-features,oregon.bin,4
2026-09-19,road-features,philippines.bin,4
2026-09-19,road-features,rhode-island.bin,4
2026-09-19,road-features,spain-islas-baleares.bin,4
2026-09-19,road-features,spain-pais-vasco.bin,4
2026-09-19,road-features,vermont.bin,4
2026-09-19,obf-regions,alabama.obf,4
2026-09-19,obf-regions,andorra.obf,4
2026-09-19,obf-regions,brazil-sul.obf,4
2026-09-19,obf-regions,british-columbia.obf,4
2026-09-19,obf-regions,croatia.obf,4
2026-09-19,obf-regions,gcc-states.obf,4
2026-09-19,obf-regions,india-southern-zone.obf,4
2026-09-19,obf-regions,michigan.obf,4
2026-09-19,obf-regions,netherlands-drenthe.obf,4
2026-09-19,obf-regions,netherlands-friesland.obf,4
2026-09-19,obf-regions,netherlands-gelderland.obf,4
2026-09-19,obf-regions,netherlands-groningen.obf,4
2026-09-19,obf-regions,netherlands-limburg.obf,4
2026-09-19,obf-regions,netherlands-noord-brabant.obf,4
2026-09-19,obf-regions,netherlands-overijssel.obf,4
2026-09-19,obf-regions,netherlands-zeeland.obf,4
2026-09-19,obf-regions,pakistan.obf,4
2026-09-19,obf-regions,portugal.obf,4
2026-09-19,obf-regions,quebec.obf,4
2026-09-19,obf-regions,virginia.obf,4
2026-09-19,obf-regions,west-virginia.obf,4
2026-09-19,poi-packs,estonia.zip,4
2026-09-19,poi-packs,italy.delta.zip,4
2026-09-19,poi-packs,moldova.zip,4
2026-09-19,poi-packs,montenegro.zip,4
2026-09-19,poi-packs,nebraska.zip,4
2026-09-19,poi-packs,new-brunswick.zip,4
2026-09-19,poi-packs,newfoundland-and-labrador.zip,4
2026-09-19,poi-packs,northwest-territories.zip,4
2026-09-19,poi-packs,nova-scotia.zip,4
2026-09-19,poi-packs,paraguay.zip,4
2026-09-19,poi-packs,pennsylvania.delta.zip,4
2026-09-19,poi-packs,peru.zip,4
2026-09-19,poi-packs,prince-edward-island.zip,4
2026-09-19,poi-packs,slovakia.zip,4
2026-09-19,poi-packs,south-dakota.zip,4
2026-09-19,poi-packs,vermont.zip,4
2026-09-19,basemap-tiles,basemap-brazil-sul.pmtiles,3
2026-09-19,basemap-tiles,basemap-czech-republic-liberecky.pmtiles,3
2026-09-19,basemap-tiles,basemap-czech-republic-praha.pmtiles,3
2026-09-19,basemap-tiles,basemap-czech-republic-stredocesky.pmtiles,3
2026-09-19,basemap-tiles,basemap-czech-republic-ustecky.pmtiles,3
2026-09-19,basemap-tiles,basemap-de-brandenburg.pmtiles,3
2026-09-19,basemap-tiles,basemap-de-niedersachsen.pmtiles,3
2026-09-19,basemap-tiles,basemap-de-nordrhein-westfalen.pmtiles,3
2026-09-19,basemap-tiles,basemap-de-rheinland-pfalz.pmtiles,3
2026-09-19,basemap-tiles,basemap-de-sachsen-anhalt.pmtiles,3
2026-09-19,basemap-tiles,basemap-de-sachsen.pmtiles,3
2026-09-19,basemap-tiles,basemap-de-schleswig-holstein.pmtiles,3
2026-09-19,basemap-tiles,basemap-de-thueringen.pmtiles,3
2026-09-19,basemap-tiles,basemap-far-eastern-fed-district.pmtiles,3
2026-09-19,basemap-tiles,basemap-france-aquitaine.pmtiles,3
2026-09-19,basemap-tiles,basemap-france-auvergne.pmtiles,3
2026-09-19,basemap-tiles,basemap-france-basse-normandie.pmtiles,3
2026-09-19,basemap-tiles,basemap-georgia.pmtiles,3
2026-09-19,basemap-tiles,basemap-great-britain-england.pmtiles,3
2026-09-19,basemap-tiles,basemap-great-britain-wales.pmtiles,3
2026-09-19,basemap-tiles,basemap-luxembourg.pmtiles,3
2026-09-19,basemap-tiles,basemap-poland-lubelskie.pmtiles,3
2026-09-19,basemap-tiles,basemap-poland-podkarpackie.pmtiles,3
2026-09-19,basemap-tiles,basemap-puerto-rico.pmtiles,3
2026-09-19,basemap-tiles,basemap-tennessee.pmtiles,3
2026-09-19,basemap-tiles,basemap-uruguay.pmtiles,3
2026-09-19,basemap-tiles,basemap-us-virgin-islands.pmtiles,3
2026-09-19,basemap-tiles,basemap-virginia.pmtiles,3
2026-09-19,basemap-tiles,basemap-west-virginia.pmtiles,3
2026-09-19,road-features,australia-coral-sea-islands.bin,3
2026-09-19,road-features,australia-queensland.bin,3
2026-09-19,road-features,australia-south-australia.bin,3
2026-09-19,road-features,bosnia-herzegovina.bin,3
2026-09-19,road-features,cambodia.bin,3
2026-09-19,road-features,cyprus.bin,3
2026-09-19,road-features,czech-republic-vysocina.bin,3
2026-09-19,road-features,de-saarland.bin,3
2026-09-19,road-features,de-sachsen.bin,3
2026-09-19,road-features,ecuador.bin,3
2026-09-19,road-features,france-corse.bin,3
2026-09-19,road-features,iceland.bin,3
2026-09-19,road-features,lithuania.bin,3
2026-09-19,road-features,louisiana.bin,3
2026-09-19,road-features,montenegro.bin,3
2026-09-19,road-features,morocco.bin,3
2026-09-19,road-features,norway-sorlandet.bin,3
2026-09-19,road-features,peru.bin,3
2026-09-19,road-features,poland-lubuskie.bin,3
2026-09-19,road-features,poland-malopolskie.bin,3
2026-09-19,road-features,poland-opolskie.bin,3
2026-09-19,road-features,poland-pomorskie.bin,3
2026-09-19,road-features,poland-swietokrzyskie.bin,3
2026-09-19,road-features,saskatchewan.bin,3
2026-09-19,road-features,south-korea.bin,3
2026-09-19,road-features,spain-aragon.bin,3
2026-09-19,road-features,spain-la-rioja.bin,3
2026-09-19,road-features,thailand.bin,3
2026-09-19,road-features,ukraine.bin,3
2026-09-19,obf-regions,arizona.obf,3
2026-09-19,obf-regions,austria.obf,3
2026-09-19,obf-regions,brazil-sudeste.obf,3
2026-09-19,obf-regions,bulgaria.obf,3
2026-09-19,obf-regions,canary-islands.obf,3
2026-09-19,obf-regions,colorado.obf,3
2026-09-19,obf-regions,illinois.obf,3
2026-09-19,obf-regions,india-central-zone.obf,3
2026-09-19,obf-regions,indonesia-sumatra.obf,3
2026-09-19,obf-regions,kaliningrad.obf,3
2026-09-19,obf-regions,manitoba.obf,3
2026-09-19,obf-regions,mexico.obf,3
2026-09-19,obf-regions,netherlands.obf,3
2026-09-19,obf-regions,nevada.obf,3
2026-09-19,obf-regions,new-brunswick.obf,3
2026-09-19,obf-regions,newfoundland-and-labrador.obf,3
2026-09-19,obf-regions,north-carolina.obf,3
2026-09-19,obf-regions,north-caucasus-fed-district.obf,3
2026-09-19,obf-regions,northwest-territories.obf,3
2026-09-19,obf-regions,nova-scotia.obf,3
2026-09-19,obf-regions,nunavut.obf,3
2026-09-19,obf-regions,prince-edward-island.obf,3
2026-09-19,obf-regions,romania.obf,3
2026-09-19,obf-regions,saskatchewan.obf,3
2026-09-19,obf-regions,slovenia.obf,3
2026-09-19,obf-regions,vietnam.obf,3
2026-09-19,obf-regions,yukon.obf,3
2026-09-19,poi-packs,albania.zip,3
2026-09-19,poi-packs,belarus.zip,3
2026-09-19,poi-packs,illinois.delta.zip,3
2026-09-19,poi-packs,india.delta.zip,3
2026-09-19,poi-packs,lithuania.zip,3
2026-09-19,poi-packs,nunavut.zip,3
2026-09-19,poi-packs,yukon.zip,3
2026-09-19,basemap-tiles,basemap-alberta.pmtiles,2
2026-09-19,basemap-tiles,basemap-arizona.pmtiles,2
2026-09-19,basemap-tiles,basemap-australia-act.pmtiles,2
2026-09-19,basemap-tiles,basemap-australia-christmas-island.pmtiles,2
2026-09-19,basemap-tiles,basemap-australia-cocos-islands.pmtiles,2
2026-09-19,basemap-tiles,basemap-australia-new-south-wales.pmtiles,2
2026-09-19,basemap-tiles,basemap-australia-norfolk-island.pmtiles,2
2026-09-19,basemap-tiles,basemap-australia-northern-territory.pmtiles,2
2026-09-19,basemap-tiles,basemap-australia-queensland.pmtiles,2
2026-09-19,basemap-tiles,basemap-australia-south-australia.pmtiles,2
2026-09-19,basemap-tiles,basemap-australia-tasmania.pmtiles,2
2026-09-19,basemap-tiles,basemap-australia-victoria.pmtiles,2
2026-09-19,basemap-tiles,basemap-australia-western-australia.pmtiles,2
2026-09-19,basemap-tiles,basemap-bahamas.pmtiles,2
2026-09-19,basemap-tiles,basemap-brazil-sudeste.pmtiles,2
2026-09-19,basemap-tiles,basemap-bulgaria.pmtiles,2
2026-09-19,basemap-tiles,basemap-california-norcal.pmtiles,2
2026-09-19,basemap-tiles,basemap-california-socal.pmtiles,2
2026-09-19,basemap-tiles,basemap-crimean-fed-district.pmtiles,2
2026-09-19,basemap-tiles,basemap-cuba.pmtiles,2
2026-09-19,basemap-tiles,basemap-florida.pmtiles,2
2026-09-19,basemap-tiles,basemap-france-bourgogne.pmtiles,2
2026-09-19,basemap-tiles,basemap-france-bretagne.pmtiles,2
2026-09-19,basemap-tiles,basemap-france-centre.pmtiles,2
2026-09-19,basemap-tiles,basemap-france-champagne-ardenne.pmtiles,2
2026-09-19,basemap-tiles,basemap-france-corse.pmtiles,2
2026-09-19,basemap-tiles,basemap-france-franche-comte.pmtiles,2
2026-09-19,basemap-tiles,basemap-france-guadeloupe.pmtiles,2
2026-09-19,basemap-tiles,basemap-france-guyane.pmtiles,2
2026-09-19,basemap-tiles,basemap-france-haute-normandie.pmtiles,2
2026-09-19,basemap-tiles,basemap-france-ile-de-france.pmtiles,2
2026-09-19,basemap-tiles,basemap-france-languedoc-roussillon.pmtiles,2
2026-09-19,basemap-tiles,basemap-france-limousin.pmtiles,2
2026-09-19,basemap-tiles,basemap-france-lorraine.pmtiles,2
2026-09-19,basemap-tiles,basemap-france-martinique.pmtiles,2
2026-09-19,basemap-tiles,basemap-france-mayotte.pmtiles,2
2026-09-19,basemap-tiles,basemap-france-midi-pyrenees.pmtiles,2
2026-09-19,basemap-tiles,basemap-france-nord-pas-de-calais.pmtiles,2
2026-09-19,basemap-tiles,basemap-france-pays-de-la-loire.pmtiles,2
2026-09-19,basemap-tiles,basemap-france-picardie.pmtiles,2
2026-09-19,basemap-tiles,basemap-france-poitou-charentes.pmtiles,2
2026-09-19,basemap-tiles,basemap-france-provence-alpes-cote-d-azur.pmtiles,2
2026-09-19,basemap-tiles,basemap-france-reunion.pmtiles,2
2026-09-19,basemap-tiles,basemap-france-rhone-alpes.pmtiles,2
2026-09-19,basemap-tiles,basemap-great-britain-scotland.pmtiles,2
2026-09-19,basemap-tiles,basemap-italy-nord-est.pmtiles,2
2026-09-19,basemap-tiles,basemap-kiribati.pmtiles,2
2026-09-19,basemap-tiles,basemap-maine.pmtiles,2
2026-09-19,basemap-tiles,basemap-michigan.pmtiles,2
2026-09-19,basemap-tiles,basemap-monaco.pmtiles,2
2026-09-19,basemap-tiles,basemap-netherlands-flevoland.pmtiles,2
2026-09-19,basemap-tiles,basemap-netherlands-friesland.pmtiles,2
2026-09-19,basemap-tiles,basemap-netherlands-noord-brabant.pmtiles,2
2026-09-19,basemap-tiles,basemap-netherlands-noord-holland.pmtiles,2
2026-09-19,basemap-tiles,basemap-netherlands-utrecht.pmtiles,2
2026-09-19,basemap-tiles,basemap-netherlands-zeeland.pmtiles,2
2026-09-19,basemap-tiles,basemap-netherlands-zuid-holland.pmtiles,2
2026-09-19,basemap-tiles,basemap-new-brunswick.pmtiles,2
2026-09-19,basemap-tiles,basemap-paraguay.pmtiles,2
2026-09-19,basemap-tiles,basemap-poland-dolnoslaskie.pmtiles,2
2026-09-19,basemap-tiles,basemap-poland-kujawsko-pomorskie.pmtiles,2
2026-09-19,basemap-tiles,basemap-poland-lubuskie.pmtiles,2
2026-09-19,basemap-tiles,basemap-poland-malopolskie.pmtiles,2
2026-09-19,basemap-tiles,basemap-poland-mazowieckie.pmtiles,2
2026-09-19,basemap-tiles,basemap-poland-podlaskie.pmtiles,2
2026-09-19,basemap-tiles,basemap-poland-pomorskie.pmtiles,2
2026-09-19,basemap-tiles,basemap-poland-wielkopolskie.pmtiles,2
2026-09-19,basemap-tiles,basemap-south-carolina.pmtiles,2
2026-09-19,basemap-tiles,basemap-texas.pmtiles,2
2026-09-19,basemap-tiles,basemap-washington.pmtiles,2
2026-09-19,basemap-tiles,basemap-wisconsin.pmtiles,2
2026-09-19,road-features,albania.bin,2
2026-09-19,road-features,azerbaijan.bin,2
2026-09-19,road-features,azores.bin,2
2026-09-19,road-features,belarus.bin,2
2026-09-19,road-features,bhutan.bin,2
2026-09-19,road-features,brazil-centro-oeste.bin,2
2026-09-19,road-features,czech-republic-kralovehradecky.bin,2
2026-09-19,road-features,de-bremen.bin,2
2026-09-19,road-features,france-lorraine.bin,2
2026-09-19,road-features,france-picardie.bin,2
2026-09-19,road-features,guernsey-jersey.bin,2
2026-09-19,road-features,haiti-and-domrep.bin,2
2026-09-19,road-features,idaho.bin,2
2026-09-19,road-features,jamaica.bin,2
2026-09-19,road-features,japan-chugoku.bin,2
2026-09-19,road-features,japan-kanto.bin,2
2026-09-19,road-features,kaliningrad.bin,2
2026-09-19,road-features,kazakhstan.bin,2
2026-09-19,road-features,kyrgyzstan.bin,2
2026-09-19,road-features,liechtenstein.bin,2
2026-09-19,road-features,luxembourg.bin,2
2026-09-19,road-features,maldives.bin,2
2026-09-19,road-features,mississippi.bin,2
2026-09-19,road-features,mongolia.bin,2
2026-09-19,road-features,montana.bin,2
2026-09-19,road-features,netherlands-groningen.bin,2
2026-09-19,road-features,new-brunswick.bin,2
2026-09-19,road-features,north-dakota.bin,2
2026-09-19,road-features,north-korea.bin,2
2026-09-19,road-features,poland-dolnoslaskie.bin,2
2026-09-19,road-features,poland-podkarpackie.bin,2
2026-09-19,road-features,puerto-rico.bin,2
2026-09-19,road-features,siberian-fed-district.bin,2
2026-09-19,road-features,south-fed-district.bin,2
2026-09-19,road-features,spain-ceuta.bin,2
2026-09-19,road-features,sri-lanka.bin,2
2026-09-19,road-features,syria.bin,2
2026-09-19,road-features,tajikistan.bin,2
2026-09-19,road-features,turkmenistan.bin,2
2026-09-19,road-features,uganda.bin,2
2026-09-19,obf-regions,alaska.obf,2
2026-09-19,obf-regions,argentina.obf,2
2026-09-19,obf-regions,brazil-centro-oeste.obf,2
2026-09-19,obf-regions,brazil-norte.obf,2
2026-09-19,obf-regions,central-fed-district.obf,2
2026-09-19,obf-regions,connecticut.obf,2
2026-09-19,obf-regions,crimean-fed-district.obf,2
2026-09-19,obf-regions,denmark.obf,2
2026-09-19,obf-regions,egypt.obf,2
2026-09-19,obf-regions,far-eastern-fed-district.obf,2
2026-09-19,obf-regions,hungary.obf,2
2026-09-19,obf-regions,india-eastern-zone.obf,2
2026-09-19,obf-regions,indiana.obf,2
2026-09-19,obf-regions,indonesia-kalimantan.obf,2
2026-09-19,obf-regions,indonesia-maluku.obf,2
2026-09-19,obf-regions,indonesia-nusa-tenggara.obf,2
2026-09-19,obf-regions,indonesia-papua.obf,2
2026-09-19,obf-regions,indonesia-sulawesi.obf,2
2026-09-19,obf-regions,israel-and-palestine.obf,2
2026-09-19,obf-regions,japan-chubu.obf,2
2026-09-19,obf-regions,japan-tohoku.obf,2
2026-09-19,obf-regions,luxembourg.obf,2
2026-09-19,obf-regions,maine.obf,2
2026-09-19,obf-regions,massachusetts.obf,2
2026-09-19,obf-regions,minnesota.obf,2
2026-09-19,obf-regions,nepal.obf,2
2026-09-19,obf-regions,northwestern-fed-district.obf,2
2026-09-19,obf-regions,oregon.obf,2
2026-09-19,obf-regions,philippines.obf,2
2026-09-19,obf-regions,poland.obf,2
2026-09-19,obf-regions,serbia.obf,2
2026-09-19,obf-regions,siberian-fed-district.obf,2
2026-09-19,obf-regions,slovakia.obf,2
2026-09-19,obf-regions,south-carolina.obf,2
2026-09-19,obf-regions,south-fed-district.obf,2
2026-09-19,obf-regions,sweden.obf,2
2026-09-19,obf-regions,ukraine.obf,2
2026-09-19,obf-regions,ural-fed-district.obf,2
2026-09-19,obf-regions,utah.obf,2
2026-09-19,obf-regions,volga-fed-district.obf,2
2026-09-19,obf-regions,wisconsin.obf,2
2026-09-19,poi-packs,austria.delta.zip,2
2026-09-19,poi-packs,bolivia.zip,2
2026-09-19,poi-packs,delaware.delta.zip,2
2026-09-19,poi-packs,florida.delta.zip,2
2026-09-19,poi-packs,france.delta.zip,2
2026-09-19,poi-packs,georgia.delta.zip,2
2026-09-19,poi-packs,iceland.zip,2
2026-09-19,poi-packs,israel-and-palestine.delta.zip,2
2026-09-19,poi-packs,maryland.delta.zip,2
2026-09-19,poi-packs,massachusetts.delta.zip,2
2026-09-19,poi-packs,mexico.delta.zip,2
2026-09-19,poi-packs,nigeria.zip,2
2026-09-19,poi-packs,oregon.delta.zip,2
2026-09-19,poi-packs,panama.zip,2
2026-09-19,poi-packs,paraguay.delta.zip,2
2026-09-19,poi-packs,rhode-island.delta.zip,2
2026-09-19,poi-packs,south-africa.zip,2
2026-09-19,poi-packs,south-carolina.delta.zip,2
2026-09-19,poi-packs,spain.delta.zip,2
2026-09-19,poi-packs,taiwan.zip,2
2026-09-19,poi-packs,tennessee.delta.zip,2
2026-09-19,poi-packs,uruguay.delta.zip,2
2026-09-19,basemap-tiles,basemap-afghanistan.pmtiles,1
2026-09-19,basemap-tiles,basemap-alabama.pmtiles,1
2026-09-19,basemap-tiles,basemap-alaska.pmtiles,1
2026-09-19,basemap-tiles,basemap-american-oceania.pmtiles,1
2026-09-19,basemap-tiles,basemap-andorra.pmtiles,1
2026-09-19,basemap-tiles,basemap-argentina.pmtiles,1
2026-09-19,basemap-tiles,basemap-arkansas.pmtiles,1
2026-09-19,basemap-tiles,basemap-armenia.pmtiles,1
2026-09-19,basemap-tiles,basemap-australia-ashmore-cartier.pmtiles,1
2026-09-19,basemap-tiles,basemap-australia-coral-sea-islands.pmtiles,1
2026-09-19,basemap-tiles,basemap-australia-heard-mcdonald.pmtiles,1
2026-09-19,basemap-tiles,basemap-australia.pmtiles,1
2026-09-19,basemap-tiles,basemap-azerbaijan.pmtiles,1
2026-09-19,basemap-tiles,basemap-bangladesh.pmtiles,1
2026-09-19,basemap-tiles,basemap-belize.pmtiles,1
2026-09-19,basemap-tiles,basemap-bhutan.pmtiles,1
2026-09-19,basemap-tiles,basemap-bolivia.pmtiles,1
2026-09-19,basemap-tiles,basemap-brazil-centro-oeste.pmtiles,1
2026-09-19,basemap-tiles,basemap-brazil-nordeste.pmtiles,1
2026-09-19,basemap-tiles,basemap-brazil-norte.pmtiles,1
2026-09-19,basemap-tiles,basemap-british-columbia.pmtiles,1
2026-09-19,basemap-tiles,basemap-cambodia.pmtiles,1
2026-09-19,basemap-tiles,basemap-central-fed-district.pmtiles,1
2026-09-19,basemap-tiles,basemap-chile.pmtiles,1
2026-09-19,basemap-tiles,basemap-colombia.pmtiles,1
2026-09-19,basemap-tiles,basemap-colorado.pmtiles,1
2026-09-19,basemap-tiles,basemap-connecticut.pmtiles,1
2026-09-19,basemap-tiles,basemap-cook-islands.pmtiles,1
2026-09-19,basemap-tiles,basemap-costa-rica.pmtiles,1
2026-09-19,basemap-tiles,basemap-czech-republic-jihocesky.pmtiles,1
2026-09-19,basemap-tiles,basemap-czech-republic-jihomoravsky.pmtiles,1
2026-09-19,basemap-tiles,basemap-czech-republic-kralovehradecky.pmtiles,1
2026-09-19,basemap-tiles,basemap-czech-republic-moravskoslezky.pmtiles,1
2026-09-19,basemap-tiles,basemap-czech-republic-olomoucky.pmtiles,1
2026-09-19,basemap-tiles,basemap-czech-republic-pardubicky.pmtiles,1
2026-09-19,basemap-tiles,basemap-czech-republic-vysocina.pmtiles,1
2026-09-19,basemap-tiles,basemap-czech-republic-zlinsky.pmtiles,1
2026-09-19,basemap-tiles,basemap-east-timor.pmtiles,1
2026-09-19,basemap-tiles,basemap-ecuador.pmtiles,1
2026-09-19,basemap-tiles,basemap-el-salvador.pmtiles,1
2026-09-19,basemap-tiles,basemap-fiji.pmtiles,1
2026-09-19,basemap-tiles,basemap-gcc-states.pmtiles,1
2026-09-19,basemap-tiles,basemap-greenland.pmtiles,1
2026-09-19,basemap-tiles,basemap-guatemala.pmtiles,1
2026-09-19,basemap-tiles,basemap-guernsey-jersey.pmtiles,1
2026-09-19,basemap-tiles,basemap-guyana.pmtiles,1
2026-09-19,basemap-tiles,basemap-haiti-and-domrep.pmtiles,1
2026-09-19,basemap-tiles,basemap-hawaii.pmtiles,1
2026-09-19,basemap-tiles,basemap-honduras.pmtiles,1
2026-09-19,basemap-tiles,basemap-idaho.pmtiles,1
2026-09-19,basemap-tiles,basemap-ile-de-clipperton.pmtiles,1
2026-09-19,basemap-tiles,basemap-illinois.pmtiles,1
2026-09-19,basemap-tiles,basemap-india-central-zone.pmtiles,1
2026-09-19,basemap-tiles,basemap-india-eastern-zone.pmtiles,1
2026-09-19,basemap-tiles,basemap-india-north-eastern-zone.pmtiles,1
2026-09-19,basemap-tiles,basemap-india-northern-zone.pmtiles,1
2026-09-19,basemap-tiles,basemap-india-southern-zone.pmtiles,1
2026-09-19,basemap-tiles,basemap-india-western-zone.pmtiles,1
2026-09-19,basemap-tiles,basemap-indiana.pmtiles,1
2026-09-19,basemap-tiles,basemap-indonesia-java.pmtiles,1
2026-09-19,basemap-tiles,basemap-indonesia-kalimantan.pmtiles,1
2026-09-19,basemap-tiles,basemap-indonesia-maluku.pmtiles,1
2026-09-19,basemap-tiles,basemap-indonesia-nusa-tenggara.pmtiles,1
2026-09-19,basemap-tiles,basemap-indonesia-papua.pmtiles,1
2026-09-19,basemap-tiles,basemap-indonesia-sulawesi.pmtiles,1
2026-09-19,basemap-tiles,basemap-indonesia-sumatra.pmtiles,1
2026-09-19,basemap-tiles,basemap-iowa.pmtiles,1
2026-09-19,basemap-tiles,basemap-iran.pmtiles,1
2026-09-19,basemap-tiles,basemap-iraq.pmtiles,1
2026-09-19,basemap-tiles,basemap-isle-of-man.pmtiles,1
2026-09-19,basemap-tiles,basemap-israel-and-palestine.pmtiles,1
2026-09-19,basemap-tiles,basemap-italy-centro.pmtiles,1
2026-09-19,basemap-tiles,basemap-italy-isole.pmtiles,1
2026-09-19,basemap-tiles,basemap-italy-nord-ovest.pmtiles,1
2026-09-19,basemap-tiles,basemap-italy-sud.pmtiles,1
2026-09-19,basemap-tiles,basemap-jamaica.pmtiles,1
2026-09-19,basemap-tiles,basemap-japan-chubu.pmtiles,1
2026-09-19,basemap-tiles,basemap-japan-chugoku.pmtiles,1
2026-09-19,basemap-tiles,basemap-japan-hokkaido.pmtiles,1
2026-09-19,basemap-tiles,basemap-japan-kansai.pmtiles,1
2026-09-19,basemap-tiles,basemap-japan-kanto.pmtiles,1
2026-09-19,basemap-tiles,basemap-japan-kyushu.pmtiles,1
2026-09-19,basemap-tiles,basemap-japan-shikoku.pmtiles,1
2026-09-19,basemap-tiles,basemap-japan-tohoku.pmtiles,1
2026-09-19,basemap-tiles,basemap-jordan.pmtiles,1
2026-09-19,basemap-tiles,basemap-kaliningrad.pmtiles,1
2026-09-19,basemap-tiles,basemap-kansas.pmtiles,1
2026-09-19,basemap-tiles,basemap-kazakhstan.pmtiles,1
2026-09-19,basemap-tiles,basemap-kentucky.pmtiles,1
2026-09-19,basemap-tiles,basemap-kyrgyzstan.pmtiles,1
2026-09-19,basemap-tiles,basemap-laos.pmtiles,1
2026-09-19,basemap-tiles,basemap-lebanon.pmtiles,1
2026-09-19,basemap-tiles,basemap-liechtenstein.pmtiles,1
2026-09-19,basemap-tiles,basemap-louisiana.pmtiles,1
2026-09-19,basemap-tiles,basemap-malaysia-singapore-brunei.pmtiles,1
2026-09-19,basemap-tiles,basemap-maldives.pmtiles,1
2026-09-19,basemap-tiles,basemap-manitoba.pmtiles,1
2026-09-19,basemap-tiles,basemap-marshall-islands.pmtiles,1
2026-09-19,basemap-tiles,basemap-massachusetts.pmtiles,1
2026-09-19,basemap-tiles,basemap-mexico.pmtiles,1
2026-09-19,basemap-tiles,basemap-micronesia.pmtiles,1
2026-09-19,basemap-tiles,basemap-minnesota.pmtiles,1
2026-09-19,basemap-tiles,basemap-mississippi.pmtiles,1
2026-09-19,basemap-tiles,basemap-missouri.pmtiles,1
2026-09-19,basemap-tiles,basemap-moldova.pmtiles,1
2026-09-19,basemap-tiles,basemap-mongolia.pmtiles,1
2026-09-19,basemap-tiles,basemap-montana.pmtiles,1
2026-09-19,basemap-tiles,basemap-myanmar.pmtiles,1
2026-09-19,basemap-tiles,basemap-nauru.pmtiles,1
2026-09-19,basemap-tiles,basemap-nebraska.pmtiles,1
2026-09-19,basemap-tiles,basemap-nepal.pmtiles,1
2026-09-19,basemap-tiles,basemap-nevada.pmtiles,1
2026-09-19,basemap-tiles,basemap-new-caledonia.pmtiles,1
2026-09-19,basemap-tiles,basemap-new-hampshire.pmtiles,1
2026-09-19,basemap-tiles,basemap-new-jersey.pmtiles,1
2026-09-19,basemap-tiles,basemap-new-mexico.pmtiles,1
2026-09-19,basemap-tiles,basemap-new-york.pmtiles,1
2026-09-19,basemap-tiles,basemap-new-zealand.pmtiles,1
2026-09-19,basemap-tiles,basemap-newfoundland-and-labrador.pmtiles,1
2026-09-19,basemap-tiles,basemap-nicaragua.pmtiles,1
2026-09-19,basemap-tiles,basemap-niue.pmtiles,1
2026-09-19,basemap-tiles,basemap-north-carolina.pmtiles,1
2026-09-19,basemap-tiles,basemap-north-caucasus-fed-district.pmtiles,1
2026-09-19,basemap-tiles,basemap-north-dakota.pmtiles,1
2026-09-19,basemap-tiles,basemap-north-korea.pmtiles,1
2026-09-19,basemap-tiles,basemap-northwest-territories.pmtiles,1
2026-09-19,basemap-tiles,basemap-northwestern-fed-district.pmtiles,1
2026-09-19,basemap-tiles,basemap-norway-nord-norge.pmtiles,1
2026-09-19,basemap-tiles,basemap-norway-ostlandet.pmtiles,1
2026-09-19,basemap-tiles,basemap-norway-sorlandet.pmtiles,1
2026-09-19,basemap-tiles,basemap-norway-svalbard-janmayen.pmtiles,1
2026-09-19,basemap-tiles,basemap-norway-trondelag.pmtiles,1
2026-09-19,basemap-tiles,basemap-norway-vestlandet.pmtiles,1
2026-09-19,basemap-tiles,basemap-nova-scotia.pmtiles,1
2026-09-19,basemap-tiles,basemap-nunavut.pmtiles,1
2026-09-19,basemap-tiles,basemap-ohio.pmtiles,1
2026-09-19,basemap-tiles,basemap-oklahoma.pmtiles,1
2026-09-19,basemap-tiles,basemap-ontario.pmtiles,1
2026-09-19,basemap-tiles,basemap-oregon.pmtiles,1
2026-09-19,basemap-tiles,basemap-pakistan.pmtiles,1
2026-09-19,basemap-tiles,basemap-palau.pmtiles,1
2026-09-19,basemap-tiles,basemap-panama.pmtiles,1
2026-09-19,basemap-tiles,basemap-papua-new-guinea.pmtiles,1
2026-09-19,basemap-tiles,basemap-pennsylvania.pmtiles,1
2026-09-19,basemap-tiles,basemap-peru.pmtiles,1
2026-09-19,basemap-tiles,basemap-philippines.pmtiles,1
2026-09-19,basemap-tiles,basemap-pitcairn-islands.pmtiles,1
2026-09-19,basemap-tiles,basemap-poland-lodzkie.pmtiles,1
2026-09-19,basemap-tiles,basemap-poland-opolskie.pmtiles,1
2026-09-19,basemap-tiles,basemap-poland-slaskie.pmtiles,1
2026-09-19,basemap-tiles,basemap-poland-swietokrzyskie.pmtiles,1
2026-09-19,basemap-tiles,basemap-poland-warminsko-mazurskie.pmtiles,1
2026-09-19,basemap-tiles,basemap-poland-zachodniopomorskie.pmtiles,1
2026-09-19,basemap-tiles,basemap-polynesie-francaise.pmtiles,1
2026-09-19,basemap-tiles,basemap-prince-edward-island.pmtiles,1
2026-09-19,basemap-tiles,basemap-quebec.pmtiles,1
2026-09-19,basemap-tiles,basemap-rhode-island.pmtiles,1
2026-09-19,basemap-tiles,basemap-romania.pmtiles,1
2026-09-19,basemap-tiles,basemap-samoa.pmtiles,1
2026-09-19,basemap-tiles,basemap-saskatchewan.pmtiles,1
2026-09-19,basemap-tiles,basemap-siberian-fed-district.pmtiles,1
2026-09-19,basemap-tiles,basemap-slovenia.pmtiles,1
2026-09-19,basemap-tiles,basemap-solomon-islands.pmtiles,1
2026-09-19,basemap-tiles,basemap-south-dakota.pmtiles,1
2026-09-19,basemap-tiles,basemap-south-fed-district.pmtiles,1
2026-09-19,basemap-tiles,basemap-south-korea.pmtiles,1
2026-09-19,basemap-tiles,basemap-spain-andalucia.pmtiles,1
2026-09-19,basemap-tiles,basemap-spain-aragon.pmtiles,1
2026-09-19,basemap-tiles,basemap-spain-asturias.pmtiles,1
2026-09-19,basemap-tiles,basemap-spain-cantabria.pmtiles,1
2026-09-19,basemap-tiles,basemap-spain-castilla-la-mancha.pmtiles,1
2026-09-19,basemap-tiles,basemap-spain-castilla-y-leon.pmtiles,1
2026-09-19,basemap-tiles,basemap-spain-cataluna.pmtiles,1
2026-09-19,basemap-tiles,basemap-spain-ceuta.pmtiles,1
2026-09-19,basemap-tiles,basemap-spain-extremadura.pmtiles,1
2026-09-19,basemap-tiles,basemap-spain-galicia.pmtiles,1
2026-09-19,basemap-tiles,basemap-spain-islas-baleares.pmtiles,1
2026-09-19,basemap-tiles,basemap-spain-la-rioja.pmtiles,1
2026-09-19,basemap-tiles,basemap-spain-madrid.pmtiles,1
2026-09-19,basemap-tiles,basemap-spain-melilla.pmtiles,1
2026-09-19,basemap-tiles,basemap-spain-murcia.pmtiles,1
2026-09-19,basemap-tiles,basemap-spain-navarra.pmtiles,1
2026-09-19,basemap-tiles,basemap-spain-pais-vasco.pmtiles,1
2026-09-19,basemap-tiles,basemap-spain-valencia.pmtiles,1
2026-09-19,basemap-tiles,basemap-sri-lanka.pmtiles,1
2026-09-19,basemap-tiles,basemap-suriname.pmtiles,1
2026-09-19,basemap-tiles,basemap-syria.pmtiles,1
2026-09-19,basemap-tiles,basemap-taiwan.pmtiles,1
2026-09-19,basemap-tiles,basemap-tajikistan.pmtiles,1
2026-09-19,basemap-tiles,basemap-thailand.pmtiles,1
2026-09-19,basemap-tiles,basemap-tokelau.pmtiles,1
2026-09-19,basemap-tiles,basemap-tonga.pmtiles,1
2026-09-19,basemap-tiles,basemap-turkmenistan.pmtiles,1
2026-09-19,basemap-tiles,basemap-tuvalu.pmtiles,1
2026-09-19,basemap-tiles,basemap-ukraine.pmtiles,1
2026-09-19,basemap-tiles,basemap-ural-fed-district.pmtiles,1
2026-09-19,basemap-tiles,basemap-utah.pmtiles,1
2026-09-19,basemap-tiles,basemap-uzbekistan.pmtiles,1
2026-09-19,basemap-tiles,basemap-vanuatu.pmtiles,1
2026-09-19,basemap-tiles,basemap-venezuela.pmtiles,1
2026-09-19,basemap-tiles,basemap-vermont.pmtiles,1
2026-09-19,basemap-tiles,basemap-vietnam.pmtiles,1
2026-09-19,basemap-tiles,basemap-volga-fed-district.pmtiles,1
2026-09-19,basemap-tiles,basemap-wallis-et-futuna.pmtiles,1
2026-09-19,basemap-tiles,basemap-wyoming.pmtiles,1
2026-09-19,basemap-tiles,basemap-yemen.pmtiles,1
2026-09-19,basemap-tiles,basemap-yukon.pmtiles,1
2026-09-19,road-features,algeria.bin,1
2026-09-19,road-features,american-oceania.bin,1
2026-09-19,road-features,angola.bin,1
2026-09-19,road-features,australia-tasmania.bin,1
2026-09-19,road-features,australia.bin,1
2026-09-19,road-features,botswana.bin,1
2026-09-19,road-features,california.bin,1
2026-09-19,road-features,congo-brazzaville.bin,1
2026-09-19,road-features,congo-democratic-republic.bin,1
2026-09-19,road-features,costa-rica.bin,1
2026-09-19,road-features,croatia.bin,1
2026-09-19,road-features,czech-republic-karlovarsky.bin,1
2026-09-19,road-features,czech-republic-liberecky.bin,1
2026-09-19,road-features,equatorial-guinea.bin,1
2026-09-19,road-features,estonia.bin,1
2026-09-19,road-features,ethiopia.bin,1
2026-09-19,road-features,faroe-islands.bin,1
2026-09-19,road-features,fiji.bin,1
2026-09-19,road-features,france-champagne-ardenne.bin,1
2026-09-19,road-features,france-guadeloupe.bin,1
2026-09-19,road-features,france-reunion.bin,1
2026-09-19,road-features,gabon.bin,1
2026-09-19,road-features,ghana.bin,1
2026-09-19,road-features,guatemala.bin,1
2026-09-19,road-features,hawaii.bin,1
2026-09-19,road-features,india-central-zone.bin,1
2026-09-19,road-features,indonesia-kalimantan.bin,1
2026-09-19,road-features,indonesia-maluku.bin,1
2026-09-19,road-features,indonesia-sumatra.bin,1
2026-09-19,road-features,ivory-coast.bin,1
2026-09-19,road-features,japan.bin,1
2026-09-19,road-features,jordan.bin,1
2026-09-19,road-features,kiribati.bin,1
2026-09-19,road-features,lebanon.bin,1
2026-09-19,road-features,libya.bin,1
2026-09-19,road-features,madagascar.bin,1
2026-09-19,road-features,mauritania.bin,1
2026-09-19,road-features,moldova.bin,1
2026-09-19,road-features,myanmar.bin,1
2026-09-19,road-features,namibia.bin,1
2026-09-19,road-features,nebraska.bin,1
2026-09-19,road-features,netherlands-flevoland.bin,1
2026-09-19,road-features,netherlands-friesland.bin,1
2026-09-19,road-features,netherlands-zeeland.bin,1
2026-09-19,road-features,new-zealand.bin,1
2026-09-19,road-features,north-caucasus-fed-district.bin,1
2026-09-19,road-features,northwest-territories.bin,1
2026-09-19,road-features,northwestern-fed-district.bin,1
2026-09-19,road-features,norway-nord-norge.bin,1
2026-09-19,road-features,norway-vestlandet.bin,1
2026-09-19,road-features,paraguay.bin,1
2026-09-19,road-features,poland.bin,1
2026-09-19,road-features,portugal.bin,1
2026-09-19,road-features,rwanda.bin,1
2026-09-19,road-features,sao-tome-and-principe.bin,1
2026-09-19,road-features,senegal-and-gambia.bin,1
2026-09-19,road-features,south-dakota.bin,1
2026-09-19,road-features,spain-cantabria.bin,1
2026-09-19,road-features,sudan.bin,1
2026-09-19,road-features,tunisia.bin,1
2026-09-19,road-features,tuvalu.bin,1
2026-09-19,road-features,us-virgin-islands.bin,1
2026-09-19,road-features,wyoming.bin,1
2026-09-19,road-features,zambia.bin,1
2026-09-19,obf-regions,arkansas.obf,1
2026-09-19,obf-regions,azerbaijan.obf,1
2026-09-19,obf-regions,bahamas.obf,1
2026-09-19,obf-regions,colombia.obf,1
2026-09-19,obf-regions,ethiopia.obf,1
2026-09-19,obf-regions,finland.obf,1
2026-09-19,obf-regions,guernsey-jersey.obf,1
2026-09-19,obf-regions,hawaii.obf,1
2026-09-19,obf-regions,idaho.obf,1
2026-09-19,obf-regions,india-north-eastern-zone.obf,1
2026-09-19,obf-regions,iowa.obf,1
2026-09-19,obf-regions,ireland-and-northern-ireland.obf,1
2026-09-19,obf-regions,japan-chugoku.obf,1
2026-09-19,obf-regions,japan-hokkaido.obf,1
2026-09-19,obf-regions,japan-kanto.obf,1
2026-09-19,obf-regions,japan-kyushu.obf,1
2026-09-19,obf-regions,japan-shikoku.obf,1
2026-09-19,obf-regions,kansas.obf,1
2026-09-19,obf-regions,kentucky.obf,1
2026-09-19,obf-regions,louisiana.obf,1
2026-09-19,obf-regions,malaysia-singapore-brunei.obf,1
2026-09-19,obf-regions,mississippi.obf,1
2026-09-19,obf-regions,missouri.obf,1
2026-09-19,obf-regions,mongolia.obf,1
2026-09-19,obf-regions,montana.obf,1
2026-09-19,obf-regions,montenegro.obf,1
2026-09-19,obf-regions,morocco.obf,1
2026-09-19,obf-regions,nebraska.obf,1
2026-09-19,obf-regions,new-hampshire.obf,1
2026-09-19,obf-regions,north-dakota.obf,1
2026-09-19,obf-regions,norway-nord-norge.obf,1
2026-09-19,obf-regions,norway-ostlandet.obf,1
2026-09-19,obf-regions,norway-sorlandet.obf,1
2026-09-19,obf-regions,norway-svalbard-janmayen.obf,1
2026-09-19,obf-regions,norway-trondelag.obf,1
2026-09-19,obf-regions,norway-vestlandet.obf,1
2026-09-19,obf-regions,oklahoma.obf,1
2026-09-19,obf-regions,paraguay.obf,1
2026-09-19,obf-regions,polynesie-francaise.obf,1
2026-09-19,obf-regions,rhode-island.obf,1
2026-09-19,obf-regions,south-dakota.obf,1
2026-09-19,obf-regions,sudan.obf,1
2026-09-19,obf-regions,taiwan.obf,1
2026-09-19,obf-regions,tunisia.obf,1
2026-09-19,obf-regions,uganda.obf,1
2026-09-19,obf-regions,uruguay.obf,1
2026-09-19,obf-regions,venezuela.obf,1
2026-09-19,obf-regions,vermont.obf,1
2026-09-19,obf-regions,wyoming.obf,1
2026-09-19,poi-packs,alabama.delta.zip,1
2026-09-19,poi-packs,arkansas.delta.zip,1
2026-09-19,poi-packs,australia.delta.zip,1
2026-09-19,poi-packs,bolivia.delta.zip,1
2026-09-19,poi-packs,british-columbia.delta.zip,1
2026-09-19,poi-packs,california.delta.zip,1
2026-09-19,poi-packs,chile.delta.zip,1
2026-09-19,poi-packs,connecticut.delta.zip,1
2026-09-19,poi-packs,denmark.delta.zip,1
2026-09-19,poi-packs,ecuador.zip,1
2026-09-19,poi-packs,great-britain.delta.zip,1
2026-09-19,poi-packs,guatemala.zip,1
2026-09-19,poi-packs,indonesia.delta.zip,1
2026-09-19,poi-packs,japan.delta.zip,1
2026-09-19,poi-packs,latvia.zip,1
2026-09-19,poi-packs,minnesota.delta.zip,1
2026-09-19,poi-packs,mississippi.delta.zip,1
2026-09-19,poi-packs,missouri.delta.zip,1
2026-09-19,poi-packs,morocco.delta.zip,1
2026-09-19,poi-packs,new-zealand.delta.zip,1
2026-09-19,poi-packs,ohio.delta.zip,1
2026-09-19,poi-packs,peru.delta.zip,1
2026-09-19,poi-packs,poland.delta.zip,1
2026-09-19,poi-packs,romania.delta.zip,1
2026-09-19,poi-packs,tanzania.zip,1
2026-09-19,poi-packs,west-virginia.delta.zip,1
